NIN-00661162,Abass.NIN00661162@gmail.com,NGX
NIN-00531162,Abayomi.NIN00531162@gmail.com,NGX,AFEX
NIN-00038162,Abba.NIN00038162@gmail.com,NGX
NIN-00849272,Abbakar.NIN00849272@gmail.com,NGX
NIN-00485084,Abbas.NIN00485084@gmail.com,NGX
NIN-00056176,Abdu.NIN00056176@gmail.com,NGX
NIN-00168535,Abdulahi.NIN00168535@gmail.com,NGX
NIN-00597104,Abdulazeez.NIN00597104@gmail.com,NGX
NIN-00621104,Abdulaziz.NIN00621104@gmail.com,NGX
NIN-00110982,Abdulhamid.NIN00110982@gmail.com,NGX
NIN-00226173,Abdul.NIN00226173@gmail.com,NGX
NIN-00748788,Abdulkadir.NIN00748788@gmail.com,NGX,LCFE
NIN-00883462,Abdulkareem.NIN00883462@gmail.com,NGX
NIN-00273462,Abdulkarim.NIN00273462@gmail.com,NGX
NIN-00884279,Abdullahi.NIN00884279@gmail.com,NGX
NIN-00349572,Abdulmalik.NIN00349572@gmail.com,NGX
NIN-00492310,Abdulmumini.NIN00492310@gmail.com,NGX
NIN-00620106,Abdulrahaman.NIN00620106@gmail.com,NGX
NIN-00151082,Abdulrahman.NIN00151082@gmail.com,NGX
NIN-00004658,Abdulrasheed.NIN00004658@gmail.com,NGX
NIN-00430658,Abdulrazak.NIN00430658@gmail.com,NGX
NIN-00794856,Abdulsalam.NIN00794856@gmail.com,NGX
NIN-00580860,Abdulwahab.NIN00580860@gmail.com,NGX
NIN-00080986,Abel.NIN00080986@gmail.com,NGX
NIN-00277986,Abibat.NIN00277986@gmail.com,NGX
NIN-00194986,Abidemi.NIN00194986@gmail.com,NGX
NIN-00546986,Abigail.NIN00546986@gmail.com,NGX
NIN-00057986,Abimbola.NIN00057986@gmail.com,NGX
NIN-00605986,Abiodun.NIN00605986@gmail.com,NGX,NCX
NIN-00543986,Abiola.NIN00543986@gmail.com,NGX
NIN-00445986,Abosede.NIN00445986@gmail.com,NGX
NIN-00775986,Abraham.NIN00775986@gmail.com,NGX
NIN-00036986,Abu.NIN00036986@gmail.com,NGX
NIN-00610057,Abubakar.NIN00610057@gmail.com,NGX
NIN-00050986,Ada.NIN00050986@gmail.com,NGX
NIN-00683836,Adaeze.NIN00683836@gmail.com,NGX
NIN-00652409,Adama.NIN00652409@gmail.com,NGX
NIN-00959948,Adam.NIN00959948@gmail.com,NGX
NIN-00665309,Adams.NIN00665309@gmail.com,NGX
NIN-00663752,Adamu.NIN00663752@gmail.com,NGX,AFEX
NIN-00052561,Ade.NIN00052561@gmail.com,NGX
NIN-00215428,Adebayo.NIN00215428@gmail.com,NGX
NIN-00305650,Adebisi.NIN00305650@gmail.com,NGX
NIN-00603598,Adebola.NIN00603598@gmail.com,NGX,LCFE
NIN-00121246,Adedayo.NIN00121246@gmail.com,NGX
NIN-00265405,Adejoke.NIN00265405@gmail.com,NGX
NIN-00236551,Adekunle.NIN00236551@gmail.com,NGX
NIN-00595475,Ademola.NIN00595475@gmail.com,NGX
NIN-00127636,Adenike.NIN00127636@gmail.com,NGX
NIN-00916636,Adeniyi.NIN00916636@gmail.com,NGX
NIN-00363647,Adeola.NIN00363647@gmail.com,NGX
NIN-00404481,Aderonke.NIN00404481@gmail.com,NGX
NIN-00308164,Adesola.NIN00308164@gmail.com,NGX
NIN-00953652,Adewale.NIN00953652@gmail.com,NGX
NIN-00970804,Adeyemi.NIN00970804@gmail.com,NGX
NIN-00588808,Adeyinka.NIN00588808@gmail.com,NGX
NIN-00912711,Adijat.NIN00912711@gmail.com,NGX
NIN-00055711,Ado.NIN00055711@gmail.com,NGX
NIN-00831711,Afeez.NIN00831711@gmail.com,NGX
NIN-00486711,Affiong.NIN00486711@gmail.com,NGX
NIN-00814711,Afolabi.NIN00814711@gmail.com,NGX,FMDQ
NIN-00698711,Afusat.NIN00698711@gmail.com,NGX
NIN-00183711,Agatha.NIN00183711@gmail.com,NGX
NIN-00033711,Agnes.NIN00033711@gmail.com,NGX
NIN-00777711,Ahamed.NIN00777711@gmail.com,NGX
NIN-00044711,Ahmad.NIN00044711@gmail.com,NGX
NIN-00641503,Ahmadu.NIN00641503@gmail.com,NGX
NIN-00984711,Ahmed.NIN00984711@gmail.com,NGX,LCFE,NCX,AFEX
NIN-00028711,Ai.NIN00028711@gmail.com,NGX
NIN-00477038,Aina.NIN00477038@gmail.com,NGX
NIN-00576695,Aisha.NIN00576695@gmail.com,NGX
NIN-00184499,Aishat.NIN00184499@gmail.com,NGX
NIN-00591470,Aishatu.NIN00591470@gmail.com,NGX
NIN-00200711,Ajayi.NIN00200711@gmail.com,NGX
NIN-00857711,Ajoke.NIN00857711@gmail.com,NGX
NIN-00053711,Akeem.NIN00053711@gmail.com,NGX
NIN-00977711,Akpan.NIN00977711@gmail.com,NGX
NIN-00487711,Alaba.NIN00487711@gmail.com,NGX
NIN-00446711,Alasan.NIN00446711@gmail.com,NGX
NIN-00757711,Alex.NIN00757711@gmail.com,NGX
NIN-00592538,Alexander.NIN00592538@gmail.com,NGX
NIN-00523711,Alfred.NIN00523711@gmail.com,NGX
NIN-00188711,Alh.NIN00188711@gmail.com,NGX
NIN-00972569,Alhaji.NIN00972569@gmail.com,NGX
NIN-00910168,Alhassan.NIN00910168@gmail.com,NGX
NIN-00192711,Ali.NIN00192711@gmail.com,NGX
NIN-00694771,Alice.NIN00694771@gmail.com,NGX
NIN-00822503,Aliu.NIN00822503@gmail.com,NGX
NIN-00346192,Aliyu.NIN00346192@gmail.com,NGX
NIN-00888711,Amadu.NIN00888711@gmail.com,NGX
NIN-00601711,Amaechi.NIN00601711@gmail.com,NGX
NIN-00798711,Amaka.NIN00798711@gmail.com,NGX
NIN-00198711,Amarachi.NIN00198711@gmail.com,NGX
NIN-00978711,Amina.NIN00978711@gmail.com,NGX
NIN-00978572,Amina.NIN00978572@gmail.com,NGX
NIN-00105455,Aminatu.NIN00105455@gmail.com,NGX,AFEX,NCX
NIN-00988711,Aminu.NIN00988711@gmail.com,NGX
NIN-00393711,Amos.NIN00393711@gmail.com,NGX
NIN-00626711,Anas.NIN00626711@gmail.com,NGX
NIN-00008711,Anayo.NIN00008711@gmail.com,NGX
NIN-00316711,Andrew.NIN00316711@gmail.com,NGX
NIN-00196711,Angela.NIN00196711@gmail.com,NGX
NIN-00089711,Angelina.NIN00089711@gmail.com,NGX
NIN-00433711,Aniefiok.NIN00433711@gmail.com,NGX
NIN-00392711,Aniekan.NIN00392711@gmail.com,NGX
NIN-00735711,Anietie.NIN00735711@gmail.com,NGX
NIN-00361711,Anita.NIN00361711@gmail.com,NGX
NIN-00850711,Anna.NIN00850711@gmail.com,NGX,AFEX,LCFE
NIN-00851076,Anna.NIN00851076@gmail.com,NGX
NIN-00087206,Anthonia.NIN00087206@gmail.com,NGX
NIN-00475206,Anthony.NIN00475206@gmail.com,NGX
NIN-00431206,Arinze.NIN00431206@gmail.com,NGX
NIN-00631206,Arit.NIN00631206@gmail.com,NGX
NIN-00623206,Asabe.NIN00623206@gmail.com,NGX
NIN-00386206,Ashiru.NIN00386206@gmail.com,NGX,LCFE
NIN-00539206,Asiya.NIN00539206@gmail.com,NGX
NIN-00003206,Asmau.NIN00003206@gmail.com,NGX
NIN-00119206,Asuquo.NIN00119206@gmail.com,NGX
NIN-00208206,Atiku.NIN00208206@gmail.com,NGX
NIN-00579206,Atim.NIN00579206@gmail.com,NGX
